<?xml version="1.0" encoding="UTF-8" standalone="no"?>
<launchConfiguration type="ilg.gnumcueclipse.debug.gdbjtag.openocd.launchConfigurationType">
<booleanAttribute key="com.cypress.studio.launch.hide" value="true"/>
<stringAttribute key="com.cypress.studio.launch.mode" value="debug"/>
<booleanAttribute key="ilg.gnumcueclipse.debug.gdbjtag.openocd.doContinue" value="true"/>
<booleanAttribute key="ilg.gnumcueclipse.debug.gdbjtag.openocd.doDebugInRam" value="false"/>
<booleanAttribute key="ilg.gnumcueclipse.debug.gdbjtag.openocd.doFirstReset" value="false"/>
<booleanAttribute key="ilg.gnumcueclipse.debug.gdbjtag.openocd.doGdbServerAllocateConsole" value="true"/>
<booleanAttribute key="ilg.gnumcueclipse.debug.gdbjtag.openocd.doGdbServerAllocateTelnetConsole" value="false"/>
<booleanAttribute key="ilg.gnumcueclipse.debug.gdbjtag.openocd.doSecondReset" value="false"/>
<booleanAttribute key="ilg.gnumcueclipse.debug.gdbjtag.openocd.doStartGdbCLient" value="true"/>
<booleanAttribute key="ilg.gnumcueclipse.debug.gdbjtag.openocd.doStartGdbServer" value="true"/>
<booleanAttribute key="ilg.gnumcueclipse.debug.gdbjtag.openocd.enableSemihosting" value="true"/>
<stringAttribute key="ilg.gnumcueclipse.debug.gdbjtag.openocd.firstResetType" value="init"/>
<stringAttribute key="ilg.gnumcueclipse.debug.gdbjtag.openocd.gdbClientOtherCommands" value="set mem inaccessible-by-default off&#13;&#10;set remotetimeout 15"/>
<stringAttribute key="ilg.gnumcueclipse.debug.gdbjtag.openocd.gdbClientOtherOptions" value=""/>
<stringAttribute key="ilg.gnumcueclipse.debug.gdbjtag.openocd.gdbServerConnectionAddress" value=""/>
<stringAttribute key="ilg.gnumcueclipse.debug.gdbjtag.openocd.gdbServerExecutable" value="${openocd_path}/${openocd_executable}"/>
<intAttribute key="ilg.gnumcueclipse.debug.gdbjtag.openocd.gdbServerGdbPortNumber" value="3333"/>
<stringAttribute key="ilg.gnumcueclipse.debug.gdbjtag.openocd.gdbServerLog" value=""/>
<stringAttribute key="ilg.gnumcueclipse.debug.gdbjtag.openocd.gdbServerOther" value="-s &quot;${openocd_path}/../scripts&quot;&#13;&#10;-c &quot;set ENABLE_ACQUIRE 0&quot;&#13;&#10;&&CY_OPENOCD_CM0_FLAG&&-c &quot;source [find interface/kitprog3.cfg]&quot;&#13;&#10;-c &quot;puts stderr {Started by GNU MCU Eclipse}&quot;&#13;&#10;-c &quot;source [find target/&&CY_OPENOCD_CFG&&]&quot;&#13;&#10;-c &quot;&&CY_OPENOCD_CHIP&&.cpu.cm4 configure -rtos auto -rtos-wipe-on-reset-halt 1&quot;&#13;&#10;&&CY_OPENOCD_PORT_SELECT&&"/>
<intAttribute key="ilg.gnumcueclipse.debug.gdbjtag.openocd.gdbServerTelnetPortNumber" value="4444"/>
<stringAttribute key="ilg.gnumcueclipse.debug.gdbjtag.openocd.otherInitCommands" value=""/>
<stringAttribute key="ilg.gnumcueclipse.debug.gdbjtag.openocd.otherRunCommands" value="flushregs&#13;&#10;mon gdb_sync&#13;&#10;stepi"/>
<stringAttribute key="ilg.gnumcueclipse.debug.gdbjtag.openocd.secondResetType" value="run"/>
<stringAttribute key="ilg.gnumcueclipse.debug.gdbjtag.svdPath" value="&&CY_SVD_PATH&&"/>
<stringAttribute key="org.eclipse.cdt.debug.gdbjtag.core.imageFileName" value="&&CY_PROG_FILE&&"/>
<stringAttribute key="org.eclipse.cdt.debug.gdbjtag.core.imageOffset" value=""/>
<stringAttribute key="org.eclipse.cdt.debug.gdbjtag.core.ipAddress" value="localhost"/>
<stringAttribute key="org.eclipse.cdt.debug.gdbjtag.core.jtagDevice" value="GNU MCU OpenOCD"/>
<booleanAttribute key="org.eclipse.cdt.debug.gdbjtag.core.loadImage" value="false"/>
<booleanAttribute key="org.eclipse.cdt.debug.gdbjtag.core.loadSymbols" value="true"/>
<stringAttribute key="org.eclipse.cdt.debug.gdbjtag.core.pcRegister" value=""/>
<intAttribute key="org.eclipse.cdt.debug.gdbjtag.core.portNumber" value="3333"/>
<booleanAttribute key="org.eclipse.cdt.debug.gdbjtag.core.setPcRegister" value="false"/>
<booleanAttribute key="org.eclipse.cdt.debug.gdbjtag.core.setResume" value="false"/>
<booleanAttribute key="org.eclipse.cdt.debug.gdbjtag.core.setStopAt" value="false"/>
<stringAttribute key="org.eclipse.cdt.debug.gdbjtag.core.stopAt" value=""/>
<stringAttribute key="org.eclipse.cdt.debug.gdbjtag.core.symbolsFileName" value="&&CY_SYM_FILE&&"/>
<stringAttribute key="org.eclipse.cdt.debug.gdbjtag.core.symbolsOffset" value=""/>
<booleanAttribute key="org.eclipse.cdt.debug.gdbjtag.core.useFileForImage" value="true"/>
<booleanAttribute key="org.eclipse.cdt.debug.gdbjtag.core.useFileForSymbols" value="true"/>
<booleanAttribute key="org.eclipse.cdt.debug.gdbjtag.core.useProjBinaryForImage" value="false"/>
<booleanAttribute key="org.eclipse.cdt.debug.gdbjtag.core.useProjBinaryForSymbols" value="false"/>
<booleanAttribute key="org.eclipse.cdt.debug.gdbjtag.core.useRemoteTarget" value="true"/>
<stringAttribute key="org.eclipse.cdt.dsf.gdb.DEBUG_NAME" value="${cy_tools_path:gcc-7.2.1}/bin/arm-none-eabi-gdb"/>
<booleanAttribute key="org.eclipse.cdt.dsf.gdb.UPDATE_THREADLIST_ON_SUSPEND" value="false"/>
<intAttribute key="org.eclipse.cdt.launch.ATTR_BUILD_BEFORE_LAUNCH_ATTR" value="2"/>
<stringAttribute key="org.eclipse.cdt.launch.COREFILE_PATH" value=""/>
<stringAttribute key="org.eclipse.cdt.launch.PROGRAM_NAME" value="&&CY_SYM_FILE&&"/>
<stringAttribute key="org.eclipse.cdt.launch.PROJECT_ATTR" value="&&CY_APPNAME&&"/>
<booleanAttribute key="org.eclipse.cdt.launch.PROJECT_BUILD_CONFIG_AUTO_ATTR" value="true"/>
<listAttribute key="org.eclipse.debug.core.MAPPED_RESOURCE_PATHS">
<listEntry value="/&&CY_APPNAME&&"/>
</listAttribute>
<listAttribute key="org.eclipse.debug.core.MAPPED_RESOURCE_TYPES">
<listEntry value="4"/>
</listAttribute>
</launchConfiguration>
