<?xml version="1.0" encoding="UTF-8" standalone="no"?>
<launchConfiguration type="ilg.gnumcueclipse.debug.gdbjtag.jlink.launchConfigurationType">
<stringAttribute key="com.cypress.studio.launch.mode" value="run"/>
<booleanAttribute key="ilg.gnumcueclipse.debug.gdbjtag.jlink.doConnectToRunning" value="false"/>
<booleanAttribute key="ilg.gnumcueclipse.debug.gdbjtag.jlink.doContinue" value="true"/>
<booleanAttribute key="ilg.gnumcueclipse.debug.gdbjtag.jlink.doDebugInRam" value="false"/>
<booleanAttribute key="ilg.gnumcueclipse.debug.gdbjtag.jlink.doFirstReset" value="true"/>
<booleanAttribute key="ilg.gnumcueclipse.debug.gdbjtag.jlink.doGdbServerAllocateConsole" value="true"/>
<booleanAttribute key="ilg.gnumcueclipse.debug.gdbjtag.jlink.doGdbServerAllocateSemihostingConsole" value="false"/>
<booleanAttribute key="ilg.gnumcueclipse.debug.gdbjtag.jlink.doGdbServerInitRegs" value="true"/>
<booleanAttribute key="ilg.gnumcueclipse.debug.gdbjtag.jlink.doGdbServerLocalOnly" value="true"/>
<booleanAttribute key="ilg.gnumcueclipse.debug.gdbjtag.jlink.doGdbServerSilent" value="false"/>
<booleanAttribute key="ilg.gnumcueclipse.debug.gdbjtag.jlink.doGdbServerVerifyDownload" value="true"/>
<booleanAttribute key="ilg.gnumcueclipse.debug.gdbjtag.jlink.doSecondReset" value="true"/>
<booleanAttribute key="ilg.gnumcueclipse.debug.gdbjtag.jlink.doStartGdbServer" value="true"/>
<booleanAttribute key="ilg.gnumcueclipse.debug.gdbjtag.jlink.enableFlashBreakpoints" value="false"/>
<booleanAttribute key="ilg.gnumcueclipse.debug.gdbjtag.jlink.enableSemihosting" value="true"/>
<booleanAttribute key="ilg.gnumcueclipse.debug.gdbjtag.jlink.enableSemihostingIoclientGdbClient" value="false"/>
<booleanAttribute key="ilg.gnumcueclipse.debug.gdbjtag.jlink.enableSemihostingIoclientTelnet" value="false"/>
<booleanAttribute key="ilg.gnumcueclipse.debug.gdbjtag.jlink.enableSwo" value="false"/>
<intAttribute key="ilg.gnumcueclipse.debug.gdbjtag.jlink.firstResetSpeed" value="1000"/>
<stringAttribute key="ilg.gnumcueclipse.debug.gdbjtag.jlink.firstResetType" value="2"/>
<stringAttribute key="ilg.gnumcueclipse.debug.gdbjtag.jlink.gdbClientOtherCommands" value="set mem inaccessible-by-default off"/>
<stringAttribute key="ilg.gnumcueclipse.debug.gdbjtag.jlink.gdbClientOtherOptions" value=""/>
<stringAttribute key="ilg.gnumcueclipse.debug.gdbjtag.jlink.gdbServerConnection" value="usb"/>
<stringAttribute key="ilg.gnumcueclipse.debug.gdbjtag.jlink.gdbServerConnectionAddress" value=""/>
<stringAttribute key="ilg.gnumcueclipse.debug.gdbjtag.jlink.gdbServerDebugInterface" value="swd"/>
<stringAttribute key="ilg.gnumcueclipse.debug.gdbjtag.jlink.gdbServerDeviceEndianness" value="little"/>
<stringAttribute key="ilg.gnumcueclipse.debug.gdbjtag.jlink.gdbServerDeviceName" value="&&CY_JLINK_CFG_PROGRAM&&"/>
<stringAttribute key="ilg.gnumcueclipse.debug.gdbjtag.jlink.gdbServerDeviceSpeed" value="auto"/>
<stringAttribute key="ilg.gnumcueclipse.debug.gdbjtag.jlink.gdbServerExecutable" value="${jlink_path}/${jlink_gdbserver}"/>
<intAttribute key="ilg.gnumcueclipse.debug.gdbjtag.jlink.gdbServerGdbPortNumber" value="2331"/>
<stringAttribute key="ilg.gnumcueclipse.debug.gdbjtag.jlink.gdbServerLog" value=""/>
<stringAttribute key="ilg.gnumcueclipse.debug.gdbjtag.jlink.gdbServerOther" value="-singlerun -strict -timeout 0 -nogui"/>
<intAttribute key="ilg.gnumcueclipse.debug.gdbjtag.jlink.gdbServerSwoPortNumber" value="2332"/>
<intAttribute key="ilg.gnumcueclipse.debug.gdbjtag.jlink.gdbServerTelnetPortNumber" value="2333"/>
<stringAttribute key="ilg.gnumcueclipse.debug.gdbjtag.jlink.interfaceSpeed" value="auto"/>
<stringAttribute key="ilg.gnumcueclipse.debug.gdbjtag.jlink.otherInitCommands" value=""/>
<stringAttribute key="ilg.gnumcueclipse.debug.gdbjtag.jlink.otherRunCommands" value="monitor reset 0&#13;&#10;monitor go&#13;&#10;quit"/>
<stringAttribute key="ilg.gnumcueclipse.debug.gdbjtag.jlink.secondResetType" value="2"/>
<intAttribute key="ilg.gnumcueclipse.debug.gdbjtag.jlink.swoEnableTargetCpuFreq" value="0"/>
<stringAttribute key="ilg.gnumcueclipse.debug.gdbjtag.jlink.swoEnableTargetPortMask" value="0x1"/>
<intAttribute key="ilg.gnumcueclipse.debug.gdbjtag.jlink.swoEnableTargetSwoFreq" value="0"/>
<stringAttribute key="ilg.gnumcueclipse.debug.gdbjtag.svdPath" value="&&CY_SVD_PATH&&"/>
<stringAttribute key="org.eclipse.cdt.debug.gdbjtag.core.imageFileName" value=""/>
<stringAttribute key="org.eclipse.cdt.debug.gdbjtag.core.imageOffset" value=""/>
<stringAttribute key="org.eclipse.cdt.debug.gdbjtag.core.ipAddress" value="localhost"/>
<stringAttribute key="org.eclipse.cdt.debug.gdbjtag.core.jtagDevice" value="GNU MCU J-Link"/>
<booleanAttribute key="org.eclipse.cdt.debug.gdbjtag.core.loadImage" value="true"/>
<booleanAttribute key="org.eclipse.cdt.debug.gdbjtag.core.loadSymbols" value="false"/>
<stringAttribute key="org.eclipse.cdt.debug.gdbjtag.core.pcRegister" value=""/>
<intAttribute key="org.eclipse.cdt.debug.gdbjtag.core.portNumber" value="2331"/>
<booleanAttribute key="org.eclipse.cdt.debug.gdbjtag.core.setPcRegister" value="false"/>
<booleanAttribute key="org.eclipse.cdt.debug.gdbjtag.core.setResume" value="false"/>
<booleanAttribute key="org.eclipse.cdt.debug.gdbjtag.core.setStopAt" value="false"/>
<stringAttribute key="org.eclipse.cdt.debug.gdbjtag.core.stopAt" value=""/>
<stringAttribute key="org.eclipse.cdt.debug.gdbjtag.core.symbolsFileName" value=""/>
<stringAttribute key="org.eclipse.cdt.debug.gdbjtag.core.symbolsOffset" value=""/>
<booleanAttribute key="org.eclipse.cdt.debug.gdbjtag.core.useFileForImage" value="false"/>
<booleanAttribute key="org.eclipse.cdt.debug.gdbjtag.core.useFileForSymbols" value="false"/>
<booleanAttribute key="org.eclipse.cdt.debug.gdbjtag.core.useProjBinaryForImage" value="true"/>
<booleanAttribute key="org.eclipse.cdt.debug.gdbjtag.core.useProjBinaryForSymbols" value="true"/>
<booleanAttribute key="org.eclipse.cdt.debug.gdbjtag.core.useRemoteTarget" value="true"/>
<stringAttribute key="org.eclipse.cdt.dsf.gdb.DEBUG_NAME" value="${cy_tools_path:gcc-7.2.1}/bin/arm-none-eabi-gdb"/>
<booleanAttribute key="org.eclipse.cdt.dsf.gdb.UPDATE_THREADLIST_ON_SUSPEND" value="false"/>
<intAttribute key="org.eclipse.cdt.launch.ATTR_BUILD_BEFORE_LAUNCH_ATTR" value="2"/>
<stringAttribute key="org.eclipse.cdt.launch.COREFILE_PATH" value=""/>
<stringAttribute key="org.eclipse.cdt.launch.PROGRAM_NAME" value="&&CY_PROG_FILE&&"/>
<stringAttribute key="org.eclipse.cdt.launch.PROJECT_ATTR" value="&&CY_APPNAME&&"/>
<booleanAttribute key="org.eclipse.cdt.launch.PROJECT_BUILD_CONFIG_AUTO_ATTR" value="true"/>
<listAttribute key="org.eclipse.debug.core.MAPPED_RESOURCE_PATHS">
<listEntry value="/&&CY_APPNAME&&"/>
</listAttribute>
<listAttribute key="org.eclipse.debug.core.MAPPED_RESOURCE_TYPES">
<listEntry value="4"/>
</listAttribute>
<listAttribute key="org.eclipse.debug.ui.favoriteGroups">
<listEntry value="org.eclipse.debug.ui.launchGroup.run"/>
</listAttribute>
</launchConfiguration>
