<?xml version="1.0" encoding="UTF-8" standalone="no"?>
<launchConfiguration type="ilg.gnumcueclipse.debug.gdbjtag.openocd.launchConfigurationType">
<stringAttribute key="com.cypress.studio.launch.mode" value="run"/>
<booleanAttribute key="ilg.gnumcueclipse.debug.gdbjtag.openocd.doContinue" value="false"/>
<booleanAttribute key="ilg.gnumcueclipse.debug.gdbjtag.openocd.doDebugInRam" value="false"/>
<booleanAttribute key="ilg.gnumcueclipse.debug.gdbjtag.openocd.doFirstReset" value="false"/>
<booleanAttribute key="ilg.gnumcueclipse.debug.gdbjtag.openocd.doGdbServerAllocateConsole" value="true"/>
<booleanAttribute key="ilg.gnumcueclipse.debug.gdbjtag.openocd.doGdbServerAllocateTelnetConsole" value="false"/>
<booleanAttribute key="ilg.gnumcueclipse.debug.gdbjtag.openocd.doSecondReset" value="false"/>
<booleanAttribute key="ilg.gnumcueclipse.debug.gdbjtag.openocd.doStartGdbCLient" value="false"/>
<booleanAttribute key="ilg.gnumcueclipse.debug.gdbjtag.openocd.doStartGdbServer" value="true"/>
<booleanAttribute key="ilg.gnumcueclipse.debug.gdbjtag.openocd.enableSemihosting" value="false"/>
<stringAttribute key="ilg.gnumcueclipse.debug.gdbjtag.openocd.firstResetType" value="init"/>
<stringAttribute key="ilg.gnumcueclipse.debug.gdbjtag.openocd.gdbClientOtherCommands" value=""/>
<stringAttribute key="ilg.gnumcueclipse.debug.gdbjtag.openocd.gdbClientOtherOptions" value=""/>
<stringAttribute key="ilg.gnumcueclipse.debug.gdbjtag.openocd.gdbServerConnectionAddress" value=""/>
<stringAttribute key="ilg.gnumcueclipse.debug.gdbjtag.openocd.gdbServerExecutable" value="${openocd_path}/${openocd_executable}"/>
<intAttribute key="ilg.gnumcueclipse.debug.gdbjtag.openocd.gdbServerGdbPortNumber" value="3333"/>
<stringAttribute key="ilg.gnumcueclipse.debug.gdbjtag.openocd.gdbServerLog" value=""/>
<stringAttribute key="ilg.gnumcueclipse.debug.gdbjtag.openocd.gdbServerOther" value="-s &quot;${openocd_path}/../scripts&quot;&#13;&#10;-s &quot;&&CY_QSPI_CFG_PATH&&&quot;&#13;&#10;-c &quot;source [find interface/kitprog3.cfg]&quot;&#13;&#10;&&CY_OPENOCD_CM0_FLAG&&-c &quot;source [find target/&&CY_OPENOCD_CFG&&]&quot;&#13;&#10;-c &quot;psoc6 sflash_restrictions 1&quot;&#13;&#10;-c &quot;if [catch {program &&CY_PROG_FILE&&} ] { echo {** Program operation failed **} } else { echo {** Program operation completed successfully **} }&quot;&#13;&#10;-c &quot;reset_config srst_only;reset run;&&CY_OPENOCD_CHIP&&.dap dpreg 0x04 0x00;shutdown&quot;"/>
<intAttribute key="ilg.gnumcueclipse.debug.gdbjtag.openocd.gdbServerTelnetPortNumber" value="4444"/>
<stringAttribute key="ilg.gnumcueclipse.debug.gdbjtag.openocd.otherInitCommands" value=""/>
<stringAttribute key="ilg.gnumcueclipse.debug.gdbjtag.openocd.otherRunCommands" value=""/>
<stringAttribute key="ilg.gnumcueclipse.debug.gdbjtag.openocd.secondResetType" value="run"/>
<stringAttribute key="ilg.gnumcueclipse.debug.gdbjtag.svdPath" value="&&CY_SVD_PATH&&"/>
<stringAttribute key="org.eclipse.cdt.debug.gdbjtag.core.imageFileName" value=""/>
<stringAttribute key="org.eclipse.cdt.debug.gdbjtag.core.imageOffset" value=""/>
<stringAttribute key="org.eclipse.cdt.debug.gdbjtag.core.ipAddress" value="localhost"/>
<stringAttribute key="org.eclipse.cdt.debug.gdbjtag.core.jtagDevice" value="GNU MCU OpenOCD"/>
<booleanAttribute key="org.eclipse.cdt.debug.gdbjtag.core.loadImage" value="false"/>
<booleanAttribute key="org.eclipse.cdt.debug.gdbjtag.core.loadSymbols" value="false"/>
<stringAttribute key="org.eclipse.cdt.debug.gdbjtag.core.pcRegister" value=""/>
<intAttribute key="org.eclipse.cdt.debug.gdbjtag.core.portNumber" value="3333"/>
<booleanAttribute key="org.eclipse.cdt.debug.gdbjtag.core.setPcRegister" value="false"/>
<booleanAttribute key="org.eclipse.cdt.debug.gdbjtag.core.setResume" value="false"/>
<booleanAttribute key="org.eclipse.cdt.debug.gdbjtag.core.setStopAt" value="false"/>
<stringAttribute key="org.eclipse.cdt.debug.gdbjtag.core.stopAt" value="main"/>
<stringAttribute key="org.eclipse.cdt.debug.gdbjtag.core.symbolsFileName" value=""/>
<stringAttribute key="org.eclipse.cdt.debug.gdbjtag.core.symbolsOffset" value=""/>
<booleanAttribute key="org.eclipse.cdt.debug.gdbjtag.core.useFileForImage" value="false"/>
<booleanAttribute key="org.eclipse.cdt.debug.gdbjtag.core.useFileForSymbols" value="false"/>
<booleanAttribute key="org.eclipse.cdt.debug.gdbjtag.core.useProjBinaryForImage" value="true"/>
<booleanAttribute key="org.eclipse.cdt.debug.gdbjtag.core.useProjBinaryForSymbols" value="true"/>
<booleanAttribute key="org.eclipse.cdt.debug.gdbjtag.core.useRemoteTarget" value="true"/>
<stringAttribute key="org.eclipse.cdt.dsf.gdb.DEBUG_NAME" value="${cy_tools_path:gcc-7.2.1}/bin/arm-none-eabi-gdb"/>
<booleanAttribute key="org.eclipse.cdt.dsf.gdb.UPDATE_THREADLIST_ON_SUSPEND" value="false"/>
<intAttribute key="org.eclipse.cdt.launch.ATTR_BUILD_BEFORE_LAUNCH_ATTR" value="2"/>
<stringAttribute key="org.eclipse.cdt.launch.COREFILE_PATH" value=""/>
<stringAttribute key="org.eclipse.cdt.launch.PROGRAM_NAME" value="&&CY_PROG_FILE&&"/>
<stringAttribute key="org.eclipse.cdt.launch.PROJECT_ATTR" value="&&CY_APPNAME&&"/>
<booleanAttribute key="org.eclipse.cdt.launch.PROJECT_BUILD_CONFIG_AUTO_ATTR" value="true"/>
<listAttribute key="org.eclipse.debug.core.MAPPED_RESOURCE_PATHS">
<listEntry value="/&&CY_APPNAME&&"/>
</listAttribute>
<listAttribute key="org.eclipse.debug.core.MAPPED_RESOURCE_TYPES">
<listEntry value="4"/>
</listAttribute>
<listAttribute key="org.eclipse.debug.ui.favoriteGroups">
<listEntry value="org.eclipse.debug.ui.launchGroup.run"/>
</listAttribute>
</launchConfiguration>
