<?xml version="1.0" encoding="UTF-8" standalone="no"?>
<project>
	<configuration id="ilg.gnuarmeclipse.managedbuild.cross.config.elf.debug.355386449" name="Debug">
		<extension point="org.eclipse.cdt.core.LanguageSettingsProvider">
			<provider copy-of="extension" id="org.eclipse.cdt.ui.UserLanguageSettingsProvider"/>
			<provider-reference id="org.eclipse.cdt.core.ReferencedProjectsLanguageSettingsProvider" ref="shared-provider"/>
			<provider-reference id="org.eclipse.cdt.managedbuilder.core.MBSLanguageSettingsProvider" ref="shared-provider"/>
			<provider class="org.eclipse.cdt.managedbuilder.language.settings.providers.GCCBuiltinSpecsDetector" console="false" env-hash="-1234243729348240843" id="ilg.gnuarmeclipse.managedbuild.cross.GCCBuiltinSpecsDetector" keep-relative-paths="false" name="CDT ARM Cross GCC Built-in Compiler Settings " parameter="${cy_tools_path:gcc-7.2.1}/bin/arm-none-eabi-gcc ${FLAGS} ${cross_toolchain_flags} -E -P -v -dD &quot;${INPUTS}&quot;" prefer-non-shared="true">
				<language-scope id="org.eclipse.cdt.core.gcc"/>
				<language-scope id="org.eclipse.cdt.core.g++"/>
			</provider>
			<provider class="org.eclipse.cdt.managedbuilder.language.settings.providers.GCCBuildCommandParser" id="org.eclipse.cdt.managedbuilder.core.GCCBuildCommandParser" keep-relative-paths="false" name="CDT GCC Build Output Parser" parameter="(g?cc)|([gc]\+\+)|(clang)|Compiling" prefer-non-shared="true" resource-scope="per-file"/>
		</extension>
	</configuration>
	<configuration id="ilg.gnuarmeclipse.managedbuild.cross.config.elf.release.1738253749" name="Release">
		<extension point="org.eclipse.cdt.core.LanguageSettingsProvider">
			<provider copy-of="extension" id="org.eclipse.cdt.ui.UserLanguageSettingsProvider"/>
			<provider-reference id="org.eclipse.cdt.core.ReferencedProjectsLanguageSettingsProvider" ref="shared-provider"/>
			<provider-reference id="org.eclipse.cdt.managedbuilder.core.MBSLanguageSettingsProvider" ref="shared-provider"/>
			<provider class="org.eclipse.cdt.managedbuilder.language.settings.providers.GCCBuiltinSpecsDetector" console="false" env-hash="-1178013338397556241" id="ilg.gnuarmeclipse.managedbuild.cross.GCCBuiltinSpecsDetector" keep-relative-paths="false" name="CDT ARM Cross GCC Built-in Compiler Settings " parameter="${cy_tools_path:gcc-7.2.1}/bin/arm-none-eabi-gcc ${FLAGS} ${cross_toolchain_flags} -E -P -v -dD &quot;${INPUTS}&quot;" prefer-non-shared="true">
				<language-scope id="org.eclipse.cdt.core.gcc"/>
				<language-scope id="org.eclipse.cdt.core.g++"/>
			</provider>
			<provider class="org.eclipse.cdt.managedbuilder.language.settings.providers.GCCBuildCommandParser" id="org.eclipse.cdt.managedbuilder.core.GCCBuildCommandParser" keep-relative-paths="false" name="CDT GCC Build Output Parser" parameter="(g?cc)|([gc]\+\+)|(clang)|Compiling" prefer-non-shared="true" resource-scope="per-file"/>
		</extension>
	</configuration>
</project>
